SNR_dB,relative_launch_power_dB
8.179782455682057,-12.00339571676635
8.704075370488226,-11.001087832393228
9.82551949167096,-10.008523592085234
11.098229321487066,-9.005017963022459
11.895530721736245,-8.008319586889478
12.978792652478898,-7.008825079030557
13.642510172538875,-6.006737489516353
15.06179789833611,-5.011770107905409
15.84330156683783,-4.016100759592287
16.81673540569804,-3.0125265548311475
18.019316015346114,-2.0172449760100135
18.998454404945903,-0.019053549190535448
19.00918673914176,-1.016438356164383
19.508500772797525,-0.018728276426088538
19.876277184234176,-0.01965136819651356
